Released_Year,Released_Month,Manufacturer,OEM,MSRP_USD,GPU_Name,Architecture,Codename,Memory_GB,Memory_Type,Memory_Bus_Width,Memory_Bandwidth_GBs,Base_Clock_MHz,Boost_Clock_MHz,CUDA_Cores,Stream_Processors,Tensor_Cores,RT_Cores,TMUs,ROPs,TDP_W,Process_nm,Transistors_M,Die_Size_mm2,TFLOPS_FP32,PCIe,Stock_Price,Stock_Date,Notes
2000,4,NVIDIA,Reference,349,GeForce 2 GTS,NV15,NV15,0.032,DDR,128-bit,6.4,200,200,,,,,8,4,25,180,25,88,,AGP 4x,0.14,2000-04-14,
2000,6,NVIDIA,Reference,99,GeForce 2 MX,NV11,NV11,0.032,SDR,64-bit,2.8,175,175,,,,,4,2,10,180,20,65,,AGP 4x,0.27,2000-06-15,
2000,6,NVIDIA,Reference,499,GeForce 2 Ultra,NV15,NV15,0.064,DDR,128-bit,8.0,250,250,,,,,8,4,30,180,25,88,,AGP 4x,0.27,2000-06-15,
2000,10,NVIDIA,Reference,129,GeForce 2 MX400,NV11,NV11,0.064,DDR,64-bit,3.2,200,200,,,,,4,2,12,180,20,65,,AGP 4x,0.27,2000-10-13,
2001,2,NVIDIA,Reference,449,GeForce 3,NV20,NV20,0.064,DDR,128-bit,6.4,200,200,,,,,8,4,30,150,57,128,,AGP 4x,0.24,2001-02-15,
2001,8,AMD,Reference,399,Radeon 8500,R200,R200,0.064,DDR,128-bit,8.8,275,275,,4,,,8,4,35,150,60,120,,AGP 4x,14.75,2001-08-15,
2001,10,NVIDIA,Reference,299,GeForce 3 Ti 200,NV20,NV20,0.064,DDR,128-bit,5.6,175,175,,,,,8,4,28,150,57,128,,AGP 4x,0.34,2001-10-15,
2001,10,NVIDIA,Reference,399,GeForce 3 Ti 500,NV20,NV20,0.064,DDR,128-bit,7.7,240,240,,,,,8,4,32,150,57,128,,AGP 4x,0.34,2001-10-15,
2002,2,NVIDIA,Reference,299,GeForce 4 Ti 4400,NV25,NV25,0.128,DDR,128-bit,8.8,275,275,,,,,8,4,45,150,63,140,,AGP 4x,0.48,2002-02-15,
2002,2,NVIDIA,Reference,399,GeForce 4 Ti 4600,NV25,NV25,0.128,DDR,128-bit,9.6,300,300,,,,,8,4,50,150,63,140,,AGP 4x,0.48,2002-02-15,
2002,3,AMD,Reference,199,Radeon 9000 Pro,RV250,RV250,0.064,DDR,128-bit,8.8,275,275,,,,,4,4,28,150,36,84,,AGP 4x,14.6,2002-03-15,
2002,7,AMD,Reference,399,Radeon 9700 Pro,R300,R300,0.128,DDR,256-bit,20.8,325,325,,8,,,8,8,50,150,110,219,,AGP 8x,9.25,2002-07-15,
2002,9,NVIDIA,Reference,199,GeForce 4 Ti 4200,NV25,NV25,0.128,DDR,128-bit,8.0,250,250,,,,,8,4,40,150,63,140,,AGP 4x,0.09,2002-09-13,
2002,10,NVIDIA,Reference,99,GeForce 4 MX 440,NV17,NV17,0.064,DDR,64-bit,4.4,275,275,,,,,4,2,20,150,29,65,,AGP 4x,0.08,2002-10-15,
2003,1,NVIDIA,Reference,499,GeForce FX 5800 Ultra,NV30,NV30,0.256,DDR2,128-bit,16.0,500,500,,,,,8,4,65,130,125,200,,AGP 8x,0.1,2003-01-15,
2003,3,AMD,Reference,399,Radeon 9800 Pro,R350,R350,0.128,DDR,256-bit,24.3,380,380,,8,,,8,8,55,150,117,206,,AGP 8x,5.77,2003-03-14,
2003,3,NVIDIA,Reference,299,GeForce FX 5600 Ultra,NV31,NV31,0.128,DDR,128-bit,12.8,400,400,,,,,4,4,45,130,80,150,,AGP 8x,0.11,2003-03-14,
2003,9,AMD,Reference,499,Radeon 9800 XT,R350,R360,0.256,DDR,256-bit,26.4,412,412,,8,,,8,8,60,150,117,206,,AGP 8x,11.9,2003-09-15,
2004,3,NVIDIA,Reference,499,GeForce FX 5950 Ultra,NV35,NV35,0.256,DDR2,256-bit,30.4,475,475,,,,,8,4,70,130,130,200,,AGP 8x,0.17,2004-03-15,
2004,5,AMD,Reference,499,Radeon X800 XT PE,R420,R420,0.256,GDDR3,256-bit,33.3,520,520,,16,,,16,16,70,130,160,281,,PCIe 1.0 x16,13.87,2004-05-14,
2004,6,NVIDIA,Reference,499,GeForce 6800 Ultra,NV40,NV40,0.256,GDDR3,256-bit,25.6,400,400,,,,,16,16,110,130,222,287,,PCIe 1.0 x16,0.17,2004-06-15,
2004,9,NVIDIA,Reference,199,GeForce 6600 GT,NV43,NV43,0.128,GDDR3,128-bit,16.0,500,500,,,,,8,8,50,130,146,150,,PCIe 1.0 x16,0.11,2004-09-15,
2004,11,NVIDIA,Reference,399,GeForce 6800 GT,NV40,NV40,0.256,GDDR3,256-bit,22.4,350,350,,,,,16,16,90,130,222,287,,PCIe 1.0 x16,0.15,2004-11-15,
2005,6,NVIDIA,Reference,599,GeForce 7800 GTX,G70,G70,0.256,GDDR3,256-bit,27.5,430,430,,,,,24,16,86,110,302,333,,PCIe 1.0 x16,0.22,2005-06-15,
2005,10,AMD,Reference,549,Radeon X1800 XT,R520,R520,0.512,GDDR3,256-bit,40.0,625,625,,16,,,16,16,110,90,321,352,,PCIe 1.0 x16,21.19,2005-10-14,
2005,11,NVIDIA,Reference,349,GeForce 7800 GT,G70,G70,0.256,GDDR3,256-bit,25.6,400,400,,,,,20,16,65,110,302,333,,PCIe 1.0 x16,0.29,2005-11-15,
2006,1,AMD,Reference,649,Radeon X1900 XTX,R580,R580,0.512,GDDR3,256-bit,41.6,650,650,,48,,,16,16,130,90,384,352,,PCIe 1.0 x16,34.13,2006-01-13,
2006,3,NVIDIA,Reference,599,GeForce 7900 GTX,G71,G71,0.512,GDDR3,256-bit,41.6,650,650,,,,,24,16,84,90,278,196,,PCIe 1.0 x16,0.42,2006-03-15,
2006,5,NVIDIA,Reference,299,GeForce 7900 GT,G71,G71,0.256,GDDR3,256-bit,28.8,450,450,,,,,24,16,48,90,278,196,,PCIe 1.0 x16,0.45,2006-05-15,
2006,11,NVIDIA,Reference,449,GeForce 8800 GTS 640,G80 (Tesla),G80,0.64,GDDR3,320-bit,64.0,500,500,96,,,,48,20,108,90,681,484,0.2304,PCIe 1.0 x16,0.6,2006-11-15,
2006,11,NVIDIA,Reference,599,GeForce 8800 GTX,G80 (Tesla),G80,0.768,GDDR3,384-bit,86.4,575,575,128,,,,64,24,155,90,681,484,0.3456,PCIe 1.0 x16,0.6,2006-11-15,
2007,4,NVIDIA,Reference,829,GeForce 8800 Ultra,G80 (Tesla),G80,0.768,GDDR3,384-bit,103.7,612,612,128,,,,64,24,175,90,681,484,0.3686,PCIe 1.0 x16,0.51,2007-04-13,
2007,5,AMD,Reference,399,Radeon HD 2900 XT,R600 (TeraScale),R600,0.512,GDDR3,512-bit,106.0,743,743,,320,,,16,16,215,80,720,420,0.475,PCIe 1.0 x16,15.4,2007-05-15,
2008,1,AMD,Reference,269,Radeon HD 3870,RV670 (TeraScale),RV670,0.512,GDDR4,256-bit,72.0,775,775,,320,,,16,16,106,55,666,192,0.496,PCIe 2.0 x16,6.12,2008-01-15,
2008,2,NVIDIA,Reference,179,GeForce 9600 GT,G94,G94,0.512,GDDR3,256-bit,41.6,650,650,64,,,,32,16,95,65,505,196,0.208,PCIe 2.0 x16,0.56,2008-02-15,
2008,6,AMD,Reference,299,Radeon HD 4870,RV770 (TeraScale),RV770,0.512,GDDR5,256-bit,115.2,750,750,,800,,,40,16,160,55,956,256,1.2,PCIe 2.0 x16,7.52,2008-06-13,
2008,6,NVIDIA,Reference,329,GeForce 9800 GTX,G92,G92,0.512,GDDR3,256-bit,70.4,675,675,128,,,,64,16,140,65,754,324,0.432,PCIe 2.0 x16,0.53,2008-06-13,
2008,6,NVIDIA,Reference,649,GeForce GTX 280,GT200,GT200,1.0,GDDR3,512-bit,141.7,602,648,240,,,,80,32,236,65,1400,576,0.622,PCIe 2.0 x16,0.53,2008-06-13,
2009,3,NVIDIA,Reference,359,GeForce GTX 285,GT200b,GT200,1.0,GDDR3,512-bit,159.0,648,648,240,,,,80,32,204,55,1400,470,0.7085,PCIe 2.0 x16,0.25,2009-03-13,
2009,9,AMD,Reference,379,Radeon HD 5870,Cypress (Evergreen),Cypress,1.0,GDDR5,256-bit,153.6,850,850,,1600,,,80,32,188,40,2154,334,2.72,PCIe 2.0 x16,5.88,2009-09-15,
2009,10,AMD,Reference,299,Radeon HD 5850,Cypress (Evergreen),Cypress,1.0,GDDR5,256-bit,128.0,725,725,,1440,,,72,32,151,40,2154,334,2.09,PCIe 2.0 x16,6.19,2009-10-15,
2010,3,NVIDIA,Reference,499,GeForce GTX 480,GF100 (Fermi),GF100,1.5,GDDR5,384-bit,177.4,700,700,480,,,,60,48,250,40,3000,529,1.345,PCIe 2.0 x16,0.43,2010-03-15,
2010,4,NVIDIA,Reference,349,GeForce GTX 470,GF100 (Fermi),GF100,1.25,GDDR5,320-bit,133.9,607,607,448,,,,56,40,215,40,3000,529,1.09,PCIe 2.0 x16,0.45,2010-04-15,
2010,10,AMD,Reference,369,Radeon HD 6970,Cayman (Northern Islands),Cayman,2.0,GDDR5,256-bit,176.0,880,880,,1536,,,96,32,250,40,2640,389,2.7,PCIe 2.1 x16,7.12,2010-10-15,
2010,11,NVIDIA,Reference,499,GeForce GTX 580,GF110 (Fermi),GF110,1.5,GDDR5,384-bit,192.0,772,772,512,,,,64,48,244,40,3000,520,1.58,PCIe 2.0 x16,0.33,2010-11-15,
2010,12,AMD,Reference,299,Radeon HD 6950,Cayman (Northern Islands),Cayman,2.0,GDDR5,256-bit,160.0,800,800,,1408,,,88,32,200,40,2640,389,2.25,PCIe 2.1 x16,8.02,2010-12-15,
2011,5,NVIDIA,Reference,249,GeForce GTX 560 Ti,GF114 (Fermi),GF114,1.0,GDDR5,256-bit,128.3,822,822,384,,,,64,32,170,40,1950,332,1.26,PCIe 2.0 x16,0.46,2011-05-13,
2012,1,AMD,Reference,549,Radeon HD 7970,Tahiti (Southern Islands),Tahiti XT,3.0,GDDR5,384-bit,264.0,925,925,,2048,,,128,32,250,28,4313,352,3.79,PCIe 3.0 x16,5.66,2012-01-13,
2012,3,NVIDIA,Reference,499,GeForce GTX 680,GK104 (Kepler),GK104,2.0,GDDR5,256-bit,192.3,1006,1058,1536,,,,128,32,195,28,3540,294,3.25,PCIe 3.0 x16,0.36,2012-03-15,
2012,6,AMD,Reference,449,Radeon HD 7950,Tahiti (Southern Islands),Tahiti Pro,3.0,GDDR5,384-bit,240.0,800,800,,1792,,,112,32,200,28,4313,352,2.87,PCIe 3.0 x16,5.87,2012-06-15,
2012,8,NVIDIA,Reference,399,GeForce GTX 670,GK104 (Kepler),GK104,2.0,GDDR5,256-bit,192.3,915,980,1344,,,,112,32,170,28,3540,294,2.63,PCIe 3.0 x16,0.36,2012-08-15,
2013,2,NVIDIA,Reference,999,GeForce GTX Titan,GK110 (Kepler),GK110,6.0,GDDR5,384-bit,288.4,837,876,2688,,,,224,48,250,28,7080,561,4.5,PCIe 3.0 x16,0.32,2013-02-15,
2013,10,AMD,Reference,549,Radeon R9 290X,Hawaii (Sea Islands),Hawaii XT,4.0,GDDR5,512-bit,320.0,1000,1000,,2816,,,176,64,250,28,6200,438,5.63,PCIe 3.0 x16,4.02,2013-10-15,
2014,2,NVIDIA,Reference,149,GeForce GTX 750 Ti,GM107 (Maxwell),GM107,2.0,GDDR5,128-bit,86.4,1020,1085,640,,,,40,16,60,28,1870,148,1.39,PCIe 3.0 x16,0.45,2014-02-14,
2014,9,NVIDIA,Reference,549,GeForce GTX 980,GM204 (Maxwell),GM204,4.0,GDDR5,256-bit,224.0,1126,1216,2048,,,,128,64,165,28,5200,398,4.98,PCIe 3.0 x16,0.47,2014-09-15,
2014,10,AMD,Reference,399,Radeon R9 290,Hawaii,Hawaii Pro,4.0,GDDR5,512-bit,320.0,947,947,,2560,,,160,64,250,28,6200,438,4.85,PCIe 3.0 x16,2.61,2014-10-15,
2015,6,AMD,Reference,549,Radeon R9 Fury,Fiji,Fiji Pro,4.0,HBM,4096-bit,512.0,1000,1000,,3584,,,224,64,275,28,8900,596,7.2,PCIe 3.0 x16,2.32,2015-06-15,
2015,6,AMD,Reference,649,Radeon R9 Fury X,Fiji,Fiji XT,4.0,HBM,4096-bit,512.0,1050,1050,,4096,,,256,64,275,28,8900,596,8.6,PCIe 3.0 x16,2.32,2015-06-15,
2015,6,NVIDIA,Reference,649,GeForce GTX 980 Ti,GM200 (Maxwell),GM200,6.0,GDDR5,384-bit,336.5,1000,1075,2816,,,,176,96,250,28,8000,601,6.06,PCIe 3.0 x16,0.53,2015-06-15,
2015,8,NVIDIA,Reference,159,GeForce GTX 950,GM206 (Maxwell),GM206,2.0,GDDR5,128-bit,105.6,1024,1188,768,,,,48,32,90,28,2940,227,1.83,PCIe 3.0 x16,0.59,2015-08-14,
2016,5,NVIDIA,Reference,599,GeForce GTX 1080,GP104 (Pascal),GP104,8.0,GDDR5X,256-bit,320.0,1607,1733,2560,,,,160,64,180,16,7200,314,8.87,PCIe 3.0 x16,1.02,2016-05-13,
2016,6,AMD,Reference,179,Radeon RX 470,Polaris 10 (GCN 4),Ellesmere,4.0,GDDR5,256-bit,211.0,926,1206,,2048,,,128,32,120,14,5700,232,4.94,PCIe 3.0 x16,4.42,2016-06-15,
2016,6,AMD,Reference,239,Radeon RX 480,Polaris 10 (GCN 4),Ellesmere,8.0,GDDR5,256-bit,256.0,1120,1266,,2304,,,144,32,150,14,5700,232,5.83,PCIe 3.0 x16,4.42,2016-06-15,
2016,6,NVIDIA,Reference,379,GeForce GTX 1070,GP104 (Pascal),GP104,8.0,GDDR5,256-bit,256.3,1506,1683,1920,,,,120,64,150,16,7200,314,6.46,PCIe 3.0 x16,1.18,2016-06-15,
2016,7,NVIDIA,Reference,199,GeForce GTX 1060 3GB,GP106 (Pascal),GP106,3.0,GDDR5,192-bit,192.2,1506,1709,1152,,,,72,48,120,16,4400,200,3.94,PCIe 3.0 x16,1.32,2016-07-15,
2016,7,NVIDIA,Reference,249,GeForce GTX 1060 6GB,GP106 (Pascal),GP106,6.0,GDDR5,192-bit,192.2,1506,1709,1280,,,,80,48,120,16,4400,200,4.38,PCIe 3.0 x16,1.32,2016-07-15,
2016,8,NVIDIA,Reference,699,GeForce GTX 1080 Ti,GP102 (Pascal),GP102,11.0,GDDR5X,352-bit,484.4,1480,1582,3584,,,,224,88,250,16,11800,471,11.34,PCIe 3.0 x16,1.57,2016-08-15,
2017,6,AMD,Reference,399,Radeon RX Vega 56,Vega 10,Vega 10,8.0,HBM2,2048-bit,410.0,1156,1471,,3584,,,224,64,210,14,12500,495,10.54,PCIe 3.0 x16,11.5,2017-06-15,
2017,6,AMD,Reference,499,Radeon RX Vega 64,Vega 10,Vega 10 XT,8.0,HBM2,2048-bit,483.8,1247,1546,,4096,,,256,64,295,14,12500,495,12.66,PCIe 3.0 x16,11.5,2017-06-15,
2018,9,NVIDIA,Reference,499,GeForce RTX 2070,TU106 (Turing),TU106,8.0,GDDR6,256-bit,448.0,1410,1620,2304,,288,36,144,64,175,12,10800,445,7.46,PCIe 3.0 x16,6.91,2018-09-14,
2018,9,NVIDIA,Reference,799,GeForce RTX 2080,TU104 (Turing),TU104,8.0,GDDR6,256-bit,448.0,1515,1710,2944,,368,46,184,64,215,12,13600,545,10.07,PCIe 3.0 x16,6.91,2018-09-14,
2018,9,NVIDIA,Reference,1199,GeForce RTX 2080 Ti,TU102 (Turing),TU102,11.0,GDDR6,352-bit,616.0,1350,1635,4352,,544,68,272,88,260,12,18600,754,14.23,PCIe 3.0 x16,6.91,2018-09-14,
2019,1,NVIDIA,Reference,349,GeForce RTX 2060,TU106 (Turing),TU106,6.0,GDDR6,192-bit,336.0,1365,1680,1920,,240,30,120,48,160,12,10800,445,6.45,PCIe 3.0 x16,3.75,2019-01-15,
2019,7,AMD,Reference,349,Radeon RX 5700,Navi 10 (RDNA),Navi 10,8.0,GDDR6,256-bit,448.0,1465,1725,,2304,,,144,64,180,7,10300,251,7.95,PCIe 4.0 x16,34.39,2019-07-15,
2019,7,AMD,Reference,399,Radeon RX 5700 XT,Navi 10 (RDNA),Navi 10 XT,8.0,GDDR6,256-bit,448.0,1605,1905,,2560,,,160,64,225,7,10300,251,9.75,PCIe 4.0 x16,34.39,2019-07-15,
2019,7,NVIDIA,Reference,399,GeForce RTX 2060 Super,TU106 (Turing),TU106,8.0,GDDR6,256-bit,448.0,1470,1650,2176,,272,34,136,64,175,12,10800,445,7.18,PCIe 3.0 x16,4.18,2019-07-15,
2020,9,NVIDIA,Reference,699,GeForce RTX 3080,GA102 (Ampere),GA102,10.0,GDDR6X,320-bit,760.3,1440,1710,8704,,272,68,272,96,320,8,28300,628,29.77,PCIe 4.0 x16,12.99,2020-09-15,
2020,9,NVIDIA,Reference,1499,GeForce RTX 3090,GA102 (Ampere),GA102,24.0,GDDR6X,384-bit,936.2,1395,1695,10496,,328,82,328,112,350,8,28300,628,35.58,PCIe 4.0 x16,12.99,2020-09-15,
2020,10,NVIDIA,Reference,499,GeForce RTX 3070,GA104 (Ampere),GA104,8.0,GDDR6,256-bit,448.0,1500,1725,5888,,184,46,184,96,220,8,17400,392,20.31,PCIe 4.0 x16,13.97,2020-10-15,
2020,11,AMD,Reference,649,Radeon RX 6800 XT,Navi 21 (RDNA 2),Navi 21,16.0,GDDR6,256-bit,512.0,1825,2250,,4608,,,288,128,300,7,26800,520,20.74,PCIe 4.0 x16,81.43,2020-11-13,
2020,11,AMD,Reference,999,Radeon RX 6900 XT,Navi 21 (RDNA 2),Navi 21,16.0,GDDR6,256-bit,512.0,1825,2250,,5120,,,320,128,300,7,26800,520,23.04,PCIe 4.0 x16,81.43,2020-11-13,
2021,1,NVIDIA,Reference,399,GeForce RTX 3060 Ti,GA104 (Ampere),GA104,8.0,GDDR6,256-bit,448.0,1410,1665,4864,,152,38,152,80,200,8,17400,392,16.2,PCIe 4.0 x16,12.86,2021-01-15,
2021,2,NVIDIA,Reference,329,GeForce RTX 3060,GA106 (Ampere),GA106,12.0,GDDR6,192-bit,360.0,1320,1777,3584,,112,28,112,48,170,8,13200,276,12.74,PCIe 4.0 x16,14.96,2021-02-12,
2021,3,AMD,Reference,479,Radeon RX 6700 XT,Navi 22 (RDNA 2),Navi 22,12.0,GDDR6,192-bit,384.0,2321,2581,,2560,,,160,64,230,7,17200,335,13.21,PCIe 4.0 x16,82.5,2021-03-15,
2021,6,NVIDIA,Reference,1199,GeForce RTX 3080 Ti,GA102 (Ampere),GA102,12.0,GDDR6X,384-bit,912.0,1365,1665,10240,,320,80,320,112,350,8,28300,628,34.1,PCIe 4.0 x16,17.79,2021-06-15,
2021,8,AMD,Reference,379,Radeon RX 6600 XT,Navi 23 (RDNA 2),Navi 23,8.0,GDDR6,128-bit,256.0,1968,2589,,2048,,,128,64,160,7,11000,237,10.6,PCIe 4.0 x16,110.55,2021-08-13,
2021,9,NVIDIA,Reference,399,GeForce RTX 3060 Ti,GA104 (Ampere),GA104,8.0,GDDR6,256-bit,448.0,1410,1665,4864,,152,38,152,80,200,8,17400,392,16.2,PCIe 4.0 x16,22.34,2021-09-15,
2021,10,AMD,Reference,329,Radeon RX 6600,Navi 23 (RDNA 2),Navi 23,8.0,GDDR6,128-bit,224.0,1626,2491,,1792,,,112,64,132,7,11000,237,8.93,PCIe 4.0 x16,112.12,2021-10-15,
2022,10,Intel,Reference,179,Arc A580,Alchemist (Xe-HPG),ACM-G10,8.0,GDDR6,256-bit,384.0,1700,1700,,3072,,,192,96,175,6,21700,406,10.5,PCIe 4.0 x16,25.91,2022-10-14,
2022,10,Intel,Reference,289,Arc A750,Alchemist (Xe-HPG),ACM-G10,8.0,GDDR6,256-bit,512.0,2050,2350,,3584,,,224,128,225,6,21700,406,17.0,PCIe 4.0 x16,25.91,2022-10-14,
2022,10,Intel,Reference,349,Arc A770,Alchemist (Xe-HPG),ACM-G10,16.0,GDDR6,256-bit,512.0,2100,2400,,4096,,,256,128,225,6,21700,406,19.7,PCIe 4.0 x16,25.91,2022-10-14,Intel first gen discrete desktop Arc
2022,10,NVIDIA,Reference,1599,GeForce RTX 4090,AD102 (Ada Lovelace),AD102,24.0,GDDR6X,384-bit,1008.0,2230,2520,16384,,512,128,512,176,450,4,76300,609,82.58,PCIe 4.0 x16,11.23,2022-10-14,
2022,11,NVIDIA,Reference,1199,GeForce RTX 4080,AD103 (Ada Lovelace),AD103,16.0,GDDR6X,256-bit,716.8,2205,2505,9728,,304,76,304,112,320,4,45900,379,48.74,PCIe 4.0 x16,16.67,2022-11-15,
2022,12,AMD,Reference,899,Radeon RX 7900 XT,Navi 31 (RDNA 3),Navi 31,20.0,GDDR6,320-bit,800.0,1500,2400,,5376,,,336,192,300,5,57700,529,25.8,PCIe 4.0 x16,66.53,2022-12-15,
2022,12,AMD,Reference,999,Radeon RX 7900 XTX,Navi 31 (RDNA 3),Navi 31,24.0,GDDR6,384-bit,960.0,1900,2500,,6144,,,384,192,355,5,57700,529,30.72,PCIe 4.0 x16,66.53,2022-12-15,
2023,1,NVIDIA,Reference,799,GeForce RTX 4070 Ti Super,AD103 (Ada Lovelace),AD103,16.0,GDDR6X,256-bit,672.0,2340,2610,8448,,264,66,264,96,285,4,45900,379,44.1,PCIe 4.0 x16,16.9,2023-01-13,
2023,4,NVIDIA,Reference,599,GeForce RTX 4070,AD104 (Ada Lovelace),AD104,12.0,GDDR6,192-bit,504.0,1920,2475,5888,,184,46,184,64,200,4,35800,294,29.15,PCIe 4.0 x16,26.76,2023-04-14,
2023,4,NVIDIA,Reference,799,GeForce RTX 4070 Ti,AD104 (Ada Lovelace),AD104,12.0,GDDR6X,192-bit,504.0,2310,2610,7680,,240,60,240,80,285,4,35800,294,40.09,PCIe 4.0 x16,26.76,2023-04-14,
2023,5,AMD,Reference,269,Radeon RX 7600,Navi 33 (RDNA 3),Navi 33,8.0,GDDR6,128-bit,288.0,1720,2655,,2048,,,128,64,165,6,13300,204,10.9,PCIe 4.0 x16,97.4,2023-05-15,
2023,6,NVIDIA,Reference,299,GeForce RTX 4060,AD107 (Ada Lovelace),AD107,8.0,GDDR6,128-bit,272.0,1830,2460,3072,,96,24,96,48,115,4,18900,159,15.11,PCIe 4.0 x16,42.65,2023-06-15,
2023,6,NVIDIA,Reference,399,GeForce RTX 4060 Ti,AD106 (Ada Lovelace),AD106,8.0,GDDR6,128-bit,288.0,2310,2535,4352,,136,34,136,48,160,4,22900,187,22.06,PCIe 4.0 x16,42.65,2023-06-15,
2023,9,AMD,Reference,449,Radeon RX 7700 XT,Navi 32 (RDNA 3),Navi 32,12.0,GDDR6,192-bit,432.0,2171,2544,,3456,,,216,96,245,5,28100,346,17.6,PCIe 4.0 x16,101.49,2023-09-15,
2023,9,AMD,Reference,499,Radeon RX 7800 XT,Navi 32 (RDNA 3),Navi 32,16.0,GDDR6,256-bit,624.0,2124,2430,,3840,,,240,96,263,5,28100,346,18.66,PCIe 4.0 x16,101.49,2023-09-15,
2024,1,NVIDIA,Reference,999,GeForce RTX 4080 Super,AD103 (Ada Lovelace),AD103,16.0,GDDR6X,256-bit,736.0,2295,2550,10240,,320,80,320,112,320,4,45900,379,52.22,PCIe 4.0 x16,54.71,2024-01-12,
2024,8,AMD,Reference,649,Radeon RX 7900 GRE,Navi 31 (RDNA 3),Navi 31,16.0,GDDR6,256-bit,576.0,1270,2395,,5120,,,320,160,260,5,57700,529,24.5,PCIe 4.0 x16,147.36,2024-08-15,
2025,1,NVIDIA,Reference,999,GeForce RTX 5080,Blackwell (GB203),GB203,16.0,GDDR7,256-bit,896.0,2295,2610,10752,,336,84,336,112,320,4,45600,378,56.1,PCIe 5.0 x16,136.24,2025-01-15,
2025,1,NVIDIA,Reference,1999,GeForce RTX 5090,Blackwell (GB202),GB202,32.0,GDDR7,512-bit,1792.0,2017,2410,21760,,680,170,680,176,575,4,92200,750,104.9,PCIe 5.0 x16,136.24,2025-01-15,Flagship Blackwell consumer
2025,2,NVIDIA,Reference,749,GeForce RTX 5070 Ti,Blackwell (GB203),GB203,16.0,GDDR7,256-bit,672.0,2160,2452,8960,,280,70,280,96,285,4,45600,378,43.9,PCIe 5.0 x16,138.85,2025-02-14,
2025,3,AMD,Reference,549,Radeon RX 9070,RDNA 4 (Navi 48),Navi 48,16.0,GDDR6,256-bit,640.0,2070,2520,,3584,,,224,128,220,4,53900,356.5,36.1,PCIe 5.0 x16,100.97,2025-03-14,
2025,3,AMD,Reference,599,Radeon RX 9070 XT,RDNA 4 (Navi 48),Navi 48,16.0,GDDR6,256-bit,640.0,2070,2970,,4096,,,256,128,304,4,53900,356.5,48.7,PCIe 5.0 x16,100.97,2025-03-14,High-end RDNA 4
2025,3,NVIDIA,Reference,549,GeForce RTX 5070,Blackwell (GB205),GB205,12.0,GDDR7,192-bit,504.0,2160,2452,6144,,192,48,192,80,220,4,31100,263,30.1,PCIe 5.0 x16,121.67,2025-03-14,
2025,4,NVIDIA,Reference,429,GeForce RTX 5060 Ti 16GB,Blackwell (GB206),GB206,16.0,GDDR7,128-bit,448.0,2280,2580,4608,,144,36,144,64,180,4,21900,181,23.8,PCIe 5.0 x16,112.2,2025-04-15,
2025,4,NVIDIA,Reference,379,GeForce RTX 5060 Ti 8GB,Blackwell (GB206),GB206,8.0,GDDR7,128-bit,288.0,2280,2580,4608,,144,36,144,64,160,4,21900,181,23.8,PCIe 5.0 x16,112.2,2025-04-15,
2025,5,NVIDIA,Reference,299,GeForce RTX 5060,Blackwell (GB206),GB206,8.0,GDDR7,128-bit,288.0,2280,2497,3840,,120,30,120,48,145,4,21900,181,19.2,PCIe 5.0 x16,134.83,2025-05-15,
2025,6,AMD,Reference,349,Radeon RX 9060 XT 16GB,RDNA 4 (Navi 44/48),Navi 44,16.0,GDDR6,128-bit,320.0,2530,3130,,2048,,,128,64,160,4,29700,199,25.6,PCIe 5.0 x16,116.16,2025-06-13,
2025,6,AMD,Reference,549,Radeon RX 9070 GRE,RDNA 4 (Navi 48),Navi 48,12.0,GDDR6,192-bit,432.0,2220,2790,,3072,,,192,96,220,4,53900,356.5,34.3,PCIe 5.0 x16,116.16,2025-06-13,
2025,7,NVIDIA,Reference,249,GeForce RTX 5050,Blackwell (GB207),GB207,8.0,GDDR6,128-bit,224.0,2310,2505,2560,,80,20,80,48,130,4,16900,149,12.8,PCIe 5.0 x16,170.7,2025-07-15,
2025,8,AMD,Reference,299,Radeon RX 9060,RDNA 4 (Navi 44),Navi 44,8.0,GDDR6,128-bit,288.0,2400,2990,,1792,,,112,64,132,4,29700,199,21.4,PCIe 5.0 x16,177.51,2025-08-15,
